k,average_precision_at_k,num_queries,num_labeled_rows
3,0.4222222222222222,15,45
5,0.5066666666666667,15,75
10,0.4866666666666667,15,150
