sentiment,count,ratio
positive,2217,0.42948469585432003
negative,2074,0.40178225493994574
neutral,871,0.1687330492057342
